text,target,clean_txt,Message_Length,Word_Count,Avg_Word,Unique_Words,Stopwords,#_Count
I'm not sure how long we stood there but it was long enough for me to begin to feel awkwardly out of place.,0,sure long stood long enough begin feel awkwardly place,107,23,3.6956521739130435,21,14,0
I can't wait to go back.,1,cant wait go back,24,6,3.1666666666666665,6,3,0
We recently witnessed her poor quality of management towards other guests as well.,0,recently witnessed poor quality management towards guests well,82,13,5.384615384615385,13,5,0
"On the up side, their cafe serves really good food.",1,side cafe serves really good food,51,10,4.2,10,4,0
Today is the second time I've been to their lunch buffet and it was pretty good.,1,today second time ive lunch buffet pretty good,80,16,4.0625,16,9,0
"They have a good selection of food including a massive meatloaf sandwich, a crispy chicken wrap, a delish tuna melt and some tasty burgers.",1,good selection food including massive meatloaf sandwich crispy chicken wrap delish tuna melt tasty burgers,139,24,4.833333333333333,21,9,0
All I have to say is the food was amazing!!!,1,say food amazing,44,10,3.5,10,7,0
"The staff is great, the food is delish, and they have an incredible beer selection.",1,staff great food delish incredible beer selection,83,15,4.6,14,8,0
Join the club and get awesome offers via email.,1,join club get awesome offers via email,47,9,4.333333333333333,9,3,0
"I'd say that would be the hardest decision... Honestly, all of M's dishes taste how they are supposed to taste (amazing).",1,id say would hardest decision honestly ms dishes taste supposed taste amazing,121,21,4.809523809523809,20,11,0
"a drive thru means you do not want to wait around for half an hour for your food, but somehow when we end up going here they make us wait and wait.",0,drive thru means want wait around half hour food somehow end going make us wait wait,147,32,3.625,30,16,0
Will go back next trip out.,1,go back next trip,27,6,3.6666666666666665,6,0,0
I probably would not go here again.,0,probably would go,35,7,4.142857142857143,7,4,0
"When I opened the sandwich, I was impressed, but not in a good way.",0,opened sandwich impressed good way,67,14,3.857142857142857,13,9,0
"Perhaps I caught them on an off night judging by the other reviews, but I'm not inspired to go back.",0,perhaps caught night judging reviews inspired go back,100,20,4.05,20,12,0
"A couple of months later, I returned and had an amazing meal.",1,couple months later returned amazing meal,61,12,4.166666666666667,12,6,0
I dont think I will be back for a very long time.,0,think back long time,49,12,3.1666666666666665,12,6,0
Sauce was tasteless.,0,sauce tasteless,20,3,6.0,3,1,0
"After 20 minutes wait, I got a table.",0, minutes wait got table,37,8,3.75,8,3,0
I was seated immediately.,1,seated immediately,25,4,5.5,4,2,0
WILL NEVER EVER GO BACK AND HAVE TOLD MANY PEOPLE WHAT HAD HAPPENED.,0,never ever go back told many people happened,68,13,4.3076923076923075,13,5,0
It shouldn't take 30 min for pancakes and eggs.,0,shouldnt take  min pancakes eggs,47,9,4.333333333333333,9,4,0
will definitely be back!,1,definitely back,24,4,5.25,4,1,0
Now the pizza itself was good the peanut sauce was very tasty.,1,pizza good peanut sauce tasty,62,12,4.25,10,6,0
"This isn't a small family restaurant, this is a fine dining establishment.",1,isnt small family restaurant fine dining establishment,74,12,5.25,11,6,0
Very disappointing!!!,0,disappointing,21,2,10.0,2,1,0
I work in the hospitality industry in Paradise Valley and have refrained from recommending Cibo any longer.,0,work hospitality industry paradise valley refrained recommending cibo longer,107,17,5.352941176470588,16,8,0
The potatoes were like rubber and you could tell they had been made up ahead of time being kept under a warmer.,0,potatoes like rubber could tell made ahead time kept warmer,111,22,4.090909090909091,22,14,0
The waiter wasn't helpful or friendly and rarely checked on us.,0,waiter wasnt helpful friendly rarely checked us,63,11,4.818181818181818,11,5,0
Worst martini ever!,0,worst martini ever,19,3,5.666666666666667,3,0,0
We will not be coming back.,0,coming back,27,6,3.6666666666666665,6,3,0
It was probably dirt.,0,probably dirt,21,4,4.5,4,2,0
"Anyways, The food was definitely not filling at all, and for the price you pay you should expect more.",0,anyways food definitely filling price pay expect,102,19,4.421052631578948,18,10,0
"Best Buffet in town, for the price you cannot beat it.",1,best buffet town price cannot beat,54,11,4.0,11,5,0
Service was exceptional and food was a good as all the reviews.,1,service exceptional food good reviews,63,12,4.333333333333333,11,7,0
They have a really nice atmosphere.,1,really nice atmosphere,35,6,5.0,6,3,0
The Heart Attack Grill in downtown Vegas is an absolutely flat-lined excuse for a restaurant.,0,heart attack grill downtown vegas absolutely flatlined excuse restaurant,93,15,5.266666666666667,15,6,0
I LOVED it!,1,loved,11,3,3.0,3,1,0
"seems like a good quick place to grab a bite of some familiar pub food, but do yourself a favor and look elsewhere.",0,seems like good quick place grab bite familiar pub food favor look elsewhere,115,23,4.043478260869565,21,11,0
Bland... Not a liking this place for a number of reasons and I don't want to waste time on bad reviewing.. I'll leave it at that...,0,bland liking place number reasons want waste time bad reviewing ill leave,131,26,4.076923076923077,25,14,0
"I have watched their prices inflate, portions get smaller and management attitudes grow rapidly!",0,watched prices inflate portions get smaller management attitudes grow rapidly,96,14,5.928571428571429,14,5,0
At least think to refill my water before I struggle to wave you over for 10 minutes.,0,least think refill water struggle wave  minutes,84,17,4.0,16,9,0
I had about two bites and refused to eat anymore.,0,two bites refused eat anymore,49,10,4.0,10,5,0
A fantastic neighborhood gem !!!,1,fantastic neighborhood gem ,32,5,5.6,5,1,0
"Love this place, hits the spot when I want something healthy but not lacking in quantity or flavor.",1,love place hits spot want something healthy lacking quantity flavor,99,18,4.555555555555555,18,8,0
I did not expect this to be so good!,1,expect good,36,9,3.111111111111111,9,7,0
It was just not a fun experience.,1,fun experience,33,7,3.857142857142857,7,5,0
I paid the bill but did not tip because I felt the server did a terrible job.,0,paid bill tip felt server terrible job,77,17,3.588235294117647,15,10,0
"This place is overpriced, not consistent with their boba, and it really is OVERPRICED!",0,place overpriced consistent boba really overpriced,86,14,5.214285714285714,13,8,0
The restaurant atmosphere was exquisite.,1,restaurant atmosphere exquisite,40,5,7.2,5,2,0
Best fish I've ever had in my life!,1,best fish ive ever life,35,8,3.5,8,5,0
As a sushi lover avoid this place by all means.,0,sushi lover avoid place means,47,10,3.8,10,5,0
I can assure you that you won't be disappointed.,1,assure wont disappointed,48,9,4.444444444444445,8,7,0
"The staff is always super friendly and helpful, which is especially cool when you bring two small boys and a baby!",1,staff always super friendly helpful especially cool bring two small boys baby,114,21,4.476190476190476,19,9,0
The Burrittos Blah!,0,burrittos blah,19,3,5.666666666666667,3,1,0
"The shower area is outside so you can only rinse, not take a full shower, unless you don't mind being nude for everyone to see!",0,shower area outside rinse take full shower unless mind nude everyone see,127,25,4.12,24,13,0
"The food was very good and I enjoyed every mouthful, an enjoyable relaxed venue for couples small family groups etc.",1,food good enjoyed every mouthful enjoyable relaxed venue couples small family groups etc,116,20,4.85,20,7,0
I will not return.,0,return,18,4,3.75,4,2,0
I left with a stomach ache and felt sick the rest of the day.,0,left stomach ache felt sick rest day,61,14,3.4285714285714284,13,7,0
The potato chip order was sad... I could probably count how many chips were in that box and it was probably around 12.,0,potato chip order sad could probably count many chips box probably around ,118,23,4.173913043478261,21,11,0
"Unfortunately, we must have hit the bakery on leftover day because everything we ordered was STALE.",0,unfortunately must hit bakery leftover day everything ordered stale,99,16,5.25,15,7,0
"The burger is good beef, cooked just right.",1,burger good beef cooked right,43,8,4.5,8,3,0
Cooked to perfection and the service was impeccable.,1,cooked perfection service impeccable,52,8,5.625,8,4,0
Have been going since 2007 and every meal has been awesome!!,1,going since  every meal awesome,60,11,4.545454545454546,10,6,0
I think not again,0,think,17,4,3.5,4,3,0
This place is hands-down one of the best places to eat in the Phoenix metro area.,1,place handsdown one best places eat phoenix metro area,81,16,4.125,15,7,0
"How can you call yourself a steakhouse if you can't properly cook a steak, I don't understand!",0,call steakhouse cant properly cook steak understand,94,17,4.588235294117647,15,11,0
"The food was barely lukewarm, so it must have been sitting waiting for the server to bring it out to us.",0,food barely lukewarm must sitting waiting server bring us,104,21,4.0,19,12,0
"After one bite, I was hooked.",1,one bite hooked,29,6,4.0,6,3,0
Bacon is hella salty.,1,bacon hella salty,21,4,4.5,4,1,0
I'd love to go back.,1,id love go back,20,5,3.2,5,2,0
We ordered some old classics and some new dishes after going there a few times and were sorely disappointed with everything.,0,ordered old classics new dishes going times sorely disappointed everything,124,21,4.9523809523809526,19,11,0
I will come back here every time I'm in Vegas.,1,come back every time vegas,46,10,3.7,10,4,0
"The staff are now not as friendly, the wait times for being served are horrible, no one even says hi for the first 10 minutes.",0,staff friendly wait times served horrible one even says hi first  minutes,126,25,4.08,22,11,0
He was terrible!,0,terrible,16,3,4.666666666666667,3,2,0
"The service was a little slow , considering that were served by 3 people servers so the food was coming in a slow pace.",0,service little slow  considering served  people servers food coming slow pace,119,24,4.0,21,11,0
"If you look for authentic Thai food, go else where.",0,look authentic thai food go else,51,10,4.2,10,4,0
"Worse of all, he humiliated his worker right in front of me..Bunch of horrible name callings.",0,worse humiliated worker right front mebunch horrible name callings,93,16,4.875,14,6,0
Check it out.,1,check,13,3,3.6666666666666665,3,1,0
"The decor is nice, and the piano music soundtrack is pleasant.",1,decor nice piano music soundtrack pleasant,62,11,4.7272727272727275,10,5,0
So they performed.,1,performed,18,3,5.333333333333333,3,2,0
"Now the burgers aren't as good, the pizza which used to be amazing is doughy and flavorless.",0,burgers arent good pizza used amazing doughy flavorless,92,17,4.470588235294118,16,9,0
Very poor service.,0,poor service,18,3,5.333333333333333,3,1,0
"Great food and service, huge portions and they give a military discount.",1,great food service huge portions give military discount,72,12,5.083333333333333,11,4,0
This is a GREAT place to eat!,1,great place eat,29,7,3.2857142857142856,7,4,0
2 times - Very Bad Customer Service !,0, times  bad customer service ,37,8,3.75,8,1,0
"I don't know what the big deal is about this place, but I won't be back ""ya'all"".",0,know big deal place wont back yaall,81,17,3.823529411764706,17,11,0
I liked the patio and the service was outstanding.,1,liked patio service outstanding,50,9,4.666666666666667,8,5,0
The food was terrible.,0,food terrible,22,4,4.75,4,2,0
You can't beat that.,1,cant beat,20,4,4.25,4,2,0
Those burgers were amazing.,1,burgers amazing,27,4,6.0,4,2,0
She ordered a toasted English muffin that came out untoasted.,0,ordered toasted english muffin came untoasted,61,10,5.2,10,4,0
"I also had to taste my Mom's multi-grain pumpkin pancakes with pecan butter and they were amazing, fluffy, and delicious!",1,also taste moms multigrain pumpkin pancakes pecan butter amazing fluffy delicious,121,20,5.1,19,10,0
"Took an hour to get our food only 4 tables in restaurant my food was Luke warm, Our sever was running around like he was totally overwhelmed.",0,took hour get food  tables restaurant food luke warm sever running around like totally overwhelmed,141,27,4.2592592592592595,24,13,0
The warm beer didn't help.,0,warm beer didnt help,26,5,4.4,5,2,0
Restaurant is always full but never a wait.,1,restaurant always full never wait,43,8,4.5,8,3,0
A great way to finish a great.,1,great way finish great,30,7,3.4285714285714284,7,3,0
"For sushi on the Strip, this is the place to go.",1,sushi strip place go,48,11,3.4545454545454546,10,7,0
The feel of the dining room was more college cooking course than high class dining and the service was slow at best.,0,feel dining room college cooking course high class dining service slow best,116,22,4.318181818181818,19,10,0
Food arrived quickly!,1,food arrived quickly,21,3,6.333333333333333,3,0,0
Not a single employee came out to see if we were OK or even needed a water refill once they finally served us our food.,0,single employee came see ok even needed water refill finally served us food,119,25,3.8,24,12,0
This place is way too overpriced for mediocre food.,0,place way overpriced mediocre food,51,9,4.777777777777778,9,4,0
I can say that the desserts were yummy.,1,say desserts yummy,39,8,4.0,8,5,0
"The whole experience was underwhelming, and I think we'll just go to Ninja Sushi next time.",0,whole experience underwhelming think well go ninja sushi next time,91,16,4.75,16,7,0
"This was my first crawfish experience, and it was delicious!",1,first crawfish experience delicious,60,10,5.1,9,6,0
Would come back again if I had a sushi craving while in Vegas.,1,would come back sushi craving vegas,62,13,3.8461538461538463,13,8,0
Will be back again!,1,back,19,4,4.0,4,1,0
Eclectic selection.,1,eclectic selection,19,2,9.0,2,0,0
"Stopped by this place while in Madison for the Ironman, very friendly, kind staff.",1,stopped place madison ironman friendly kind staff,82,14,4.928571428571429,14,7,0
No one at the table thought the food was above average or worth the wait that we had for it.,0,one table thought food average worth wait,92,20,3.65,18,12,0
"It was either too cold, not enough flavor or just bad.",0,either cold enough flavor bad,54,11,4.0,11,6,0
Generous portions and great taste.,1,generous portions great taste,34,5,6.0,5,1,0
Food was really boring.,0,food really boring,23,4,5.0,4,1,0
And then tragedy struck.,0,tragedy struck,24,4,5.25,4,2,0
Waitress was sweet and funny.,1,waitress sweet funny,29,5,5.0,5,2,0
This is a great restaurant at the Mandalay Bay.,1,great restaurant mandalay bay,47,9,4.333333333333333,9,5,0
I immediately said I wanted to talk to the manager but I did not want to talk to the guy who was doing shots of fireball behind the bar.,0,immediately said wanted talk manager want talk guy shots fireball behind bar,136,29,3.7241379310344827,22,17,0
They also now serve Indian naan bread with hummus and some spicy pine nut sauce that was out of this world.,1,also serve indian naan bread hummus spicy pine nut sauce world,107,21,4.142857142857143,21,10,0
"I'd rather eat airline food, seriously.",0,id rather eat airline food seriously,39,6,5.666666666666667,6,1,0
Service was good and the company was better!,1,service good company better,44,8,4.625,7,4,0
I don't have to be an accountant to know I'm getting screwed!,0,accountant know getting screwed,61,12,4.166666666666667,11,8,0
"REAL sushi lovers, let's be honest - Yama is not that good.",0,real sushi lovers lets honest  yama good,59,12,4.0,12,5,0
We loved the biscuits!!!,1,loved biscuits,24,4,5.25,4,2,0
"The food, amazing.",1,food amazing,18,3,5.333333333333333,3,1,0
We also ordered the spinach and avocado salad; the ingredients were sad and the dressing literally had zero taste.,0,also ordered spinach avocado salad ingredients sad dressing literally zero taste,114,19,5.052631578947368,16,9,0
The tables outside are also dirty a lot of the time and the workers are not always friendly and helpful with the menu.,0,tables outside also dirty lot time workers always friendly helpful menu,118,23,4.173913043478261,19,13,0
"i felt insulted and disrespected, how could you talk and judge another human being like that?",0,felt insulted disrespected could talk judge another human like,93,16,4.875,15,8,0
This place is horrible and way overpriced.,0,place horrible way overpriced,42,7,5.142857142857143,7,3,0
The server was very negligent of our needs and made us feel very unwelcome... I would not suggest this place!,0,server negligent needs made us feel unwelcome would suggest place,109,20,4.5,19,11,0
The service was meh.,0,service meh,20,4,4.25,4,2,0
Very Very Disappointed ordered the $35 Big Bay Plater.,0,disappointed ordered  big bay plater,54,9,5.111111111111111,9,3,0
Waitress was good though!,1,waitress good though,25,4,5.5,4,1,0
Worst Thai ever.,0,worst thai ever,16,3,4.666666666666667,3,0,0
"I'm so happy to be here!!!""",1,happy,27,6,3.6666666666666665,6,4,0
The staff was very attentive.,1,staff attentive,29,5,5.0,5,3,0
So we went to Tigerlilly and had a fantastic afternoon!,1,went tigerlilly fantastic afternoon,55,10,4.6,10,6,0
Service was very prompt.,1,service prompt,24,4,5.25,4,2,0
I was VERY disappointed!!,0,disappointed,25,4,5.5,4,3,0
Overall I was not impressed and would not go back.,0,overall impressed would go back,50,10,4.1,9,6,0
Del Taco is pretty nasty and should be avoided if possible.,0,del taco pretty nasty avoided possible,59,11,4.454545454545454,11,5,0
"It's like a really sexy party in your mouth, where you're outrageously flirting with the hottest person at the party.",1,like really sexy party mouth youre outrageously flirting hottest person party,117,20,4.9,19,11,0
Don't bother coming here.,0,bother coming,25,4,5.5,4,1,0
"As for the ""mains,"" also uninspired.",0,mains also uninspired,36,6,5.166666666666667,6,4,0
Food is way overpriced and portions are fucking small.,0,food way overpriced portions fucking small,54,9,5.111111111111111,9,3,0
Overpriced for what you are getting.,0,overpriced getting,36,6,5.166666666666667,6,4,0
very tough and very short on flavor!,0,tough short flavor,36,7,4.285714285714286,7,4,0
Good prices.,1,good prices,12,2,5.5,2,0,0
This is a good joint.,1,good joint,21,5,3.4,5,3,0
Waited and waited and waited.,0,waited waited waited,29,5,5.0,4,2,0
"It lacked flavor, seemed undercooked, and dry.",0,lacked flavor seemed undercooked dry,46,7,5.714285714285714,7,2,0
"Of all the dishes, the salmon was the best, but all were great.",1,dishes salmon best great,63,13,3.923076923076923,10,9,0
"Give it a try, you will be happy you did.",1,give try happy,41,10,3.2,9,5,0
The cow tongue and cheek tacos are amazing.,1,cow tongue cheek tacos amazing,43,8,4.5,8,3,0
"Back to good BBQ, lighter fare, reasonable pricing and tell the public they are back to the old ways.",1,back good bbq lighter fare reasonable pricing tell public back old ways,101,19,4.368421052631579,17,7,0
AN HOUR... seriously?,0,hour seriously,21,3,6.333333333333333,3,1,0
The worst was the salmon sashimi.,0,worst salmon sashimi,33,6,4.666666666666667,6,3,0
Def coming back to bowl next time,1,def coming back bowl next time,33,7,3.857142857142857,7,1,0
Will not be back!,0,back,17,4,3.5,4,2,0
Great food and great service in a clean and friendly setting.,1,great food great service clean friendly setting,61,11,4.636363636363637,10,4,0
The staff are also very friendly and efficient.,1,staff also friendly efficient,47,8,5.0,8,5,0
The menu had so much good stuff on it i could not decide!,1,menu much good stuff could decide,57,13,3.4615384615384617,13,8,0
The manager was the worst.,0,manager worst,26,5,4.4,5,3,0
It is worth the drive.,1,worth drive,22,5,3.6,5,3,0
I love the decor with the Chinese calligraphy wall paper.,1,love decor chinese calligraphy wall paper,57,10,4.8,9,4,0
"I kept looking at the time and it had soon become 35 minutes, yet still no food.",0,kept looking time soon become  minutes yet still food,80,17,3.764705882352941,17,7,0
"It was so bad, I had lost the heart to finish it.",0,bad lost heart finish,49,12,3.1666666666666665,12,7,0
I checked out this place a couple years ago and was not impressed.,0,checked place couple years ago impressed,66,13,4.153846153846154,13,7,0
I'm probably one of the few people to ever go to Ians and not like it.,0,probably one people ever go ians like,70,16,3.4375,15,10,0
I as well would've given godfathers zero stars if possible.,0,well wouldve given godfathers zero stars possible,59,10,5.0,10,3,0
The management is rude.,0,management rude,23,4,5.0,4,2,0
Some may say this buffet is pricey but I think you get what you pay for and this place you are getting quite a lot!,1,may say buffet pricey think get pay place getting quite lot,115,25,3.64,22,15,0
I waited and waited.,0,waited waited,20,4,4.25,4,2,0
"If the food isn't bad enough for you, then enjoy dealing with the world's worst/annoying drunk people.",0,food isnt bad enough enjoy dealing worlds worstannoying drunk people,102,17,5.0588235294117645,16,7,0
"The descriptions said ""yum yum sauce"" and another said ""eel sauce"", yet another said ""spicy mayo""...well NONE of the rolls had sauces on them.",0,descriptions said yum yum sauce another said eel sauce yet another said spicy mayowell none rolls sauces,142,24,4.958333333333333,21,6,0
Nargile - I think you are great.,1,nargile  think great,32,7,3.7142857142857144,7,3,0
Sooooo good!!,1,sooooo good,13,2,6.0,2,0,0
Im in AZ all the time and now have my new spot.,1,az time new spot,47,12,3.0,12,6,0
"The dining space is tiny, but elegantly decorated and comfortable.",1,dining space tiny elegantly decorated comfortable,66,10,5.7,10,4,0
Delicious and I will absolutely be back!,1,delicious absolutely back,40,7,4.857142857142857,7,3,0
I would not recommend this place.,0,would recommend place,33,6,4.666666666666667,6,4,0
"The food was great as always, compliments to the chef.",1,food great always compliments chef,54,10,4.5,10,5,0
Went for lunch - service was slow.,0,went lunch  service slow,34,7,4.0,7,2,0
Food was really good and I got full petty fast.,1,food really good got full petty fast,47,10,3.8,10,3,0
I'm not impressed with the concept or the food.,0,impressed concept food,47,9,4.333333333333333,8,6,0
The waitress and manager are so friendly.,1,waitress manager friendly,41,7,5.0,7,4,0
If she had not rolled the eyes we may have stayed... Not sure if we will go back and try it again.,0,rolled eyes may stayed sure go back try,98,22,3.5,21,12,0
"Best service and food ever, Maria our server was so good and friendly she made our day.",1,best service food ever maria server good friendly made day,87,17,4.176470588235294,15,7,0
Before I go in to why I gave a 1 star rating please know that this was my third time eating at Bachi burger before writing a review.,0,go gave  star rating please know third time eating bachi burger writing review,132,28,3.75,26,14,0
"Great steak, great sides, great wine, amazing desserts.",1,great steak great sides great wine amazing desserts,55,8,6.0,7,0,0
But I definitely would not eat here again.,0,definitely would eat,42,8,4.375,8,5,0
They really want to make your experience a good one.,1,really want make experience good one,52,10,4.3,10,4,0
The chicken was deliciously seasoned and had the perfect fry on the outside and moist chicken on the inside.,1,chicken deliciously seasoned perfect fry outside moist chicken inside,108,19,4.7368421052631575,14,10,0
"I love the owner/chef, his one authentic Japanese cool dude!",1,love ownerchef one authentic japanese cool dude,60,10,5.1,10,3,0
I don't think I'll be running back to Carly's anytime soon for food.,0,think ill running back carlys anytime soon food,68,13,4.3076923076923075,13,6,0
The grilled chicken was so tender and yellow from the saffron seasoning.,1,grilled chicken tender yellow saffron seasoning,72,12,5.083333333333333,12,6,0
I really enjoyed Crema Café before they expanded; I even told friends they had the BEST breakfast.,1,really enjoyed crema café expanded even told friends best breakfast,98,17,4.823529411764706,16,7,0
"not even a ""hello, we will be right with you.""",0,even hello right,46,10,3.7,10,5,0
"I have been to very few places to eat that under no circumstances would I ever return to, and this tops the list.",0,places eat circumstances would ever return tops list,113,23,3.9565217391304346,22,16,0
"Very convenient, since we were staying at the MGM!",1,convenient since staying mgm,50,9,4.666666666666667,9,6,0
I will not be eating there again.,0,eating,33,7,3.857142857142857,7,4,0
How awesome is that.,1,awesome,20,4,4.25,4,2,0
This is the place where I first had pho and it was amazing!!,1,place first pho amazing,60,13,3.6923076923076925,13,9,0
The ambience is wonderful and there is music playing.,1,ambience wonderful music playing,53,9,5.0,8,5,0
"Overall, I don't think that I would take my parents to this place again because they made most of the similar complaints that I silently felt too.",0,overall think would take parents place made similar complaints silently felt,146,27,4.444444444444445,24,16,0
"I was proven dead wrong by this sushi bar, not only because the quality is great, but the service is fast and the food, impeccable.",1,proven dead wrong sushi bar quality great service fast food impeccable,131,25,4.28,22,14,0
"In an interesting part of town, this place is amazing.",1,interesting part town place amazing,54,10,4.5,10,5,0
"The deal included 5 tastings and 2 drinks, and Jeff went above and beyond what we expected.",1,deal included  tastings  drinks jeff went beyond expected,91,17,4.411764705882353,15,7,0
I *heart* this place.,1,heart place,21,4,4.5,4,2,0
This place should honestly be blown up.,0,place honestly blown,39,7,4.714285714285714,7,3,0
"The servers went back and forth several times, not even so much as an ""Are you being helped?""",0,servers went back forth several times even much helped,93,18,4.222222222222222,18,8,0
Google mediocre and I imagine Smashburger will pop up.,0,google mediocre imagine smashburger pop,54,9,5.111111111111111,9,2,0
"If you want healthy authentic or ethic food, try this place.",1,want healthy authentic ethic food try place,60,11,4.545454545454546,11,4,0
What a mistake that was!,0,mistake,24,5,4.0,5,3,0
I was mortified.,0,mortified,16,3,4.666666666666667,3,2,0
Everything was gross.,0,everything gross,21,3,6.333333333333333,3,1,0
It was a huge awkward 1.5lb piece of cow that was 3/4ths gristle and fat.,0,huge awkward  piece cow  gristle fat,73,15,3.933333333333333,14,7,0
Last night was my second time dining here and I was so happy I decided to go back!,1,last night second time dining happy decided go back,82,18,3.611111111111111,16,9,0
"The staff is super nice and very quick even with the crazy crowds of the downtown juries, lawyers, and court staff.",1,staff super nice quick even crazy crowds downtown juries lawyers court staff,115,21,4.523809523809524,19,9,0
All of the tapas dishes were delicious!,1,tapas dishes delicious,39,7,4.714285714285714,7,4,0
This place was such a nice surprise!,1,place nice surprise,36,7,4.285714285714286,7,4,0
Kind of hard to mess up a steak but they did.,0,kind hard mess steak,45,11,3.1818181818181817,11,6,0
First - the bathrooms at this location were dirty- Seat covers were not replenished & just plain yucky!!!,0,first  bathrooms location dirty seat covers replenished  plain yucky,105,18,4.888888888888889,17,7,0
Some highlights : Great quality nigiri here!,1,highlights  great quality nigiri,44,7,5.428571428571429,7,1,0
"We had so much to say about the place before we walked in that he expected it to be amazing, but was quickly disappointed.",0,much say place walked expected amazing quickly disappointed,122,24,4.125,23,16,0
We've have gotten a much better service from the pizza place next door than the services we received from this restaurant.,0,weve gotten much better service pizza place next door services received restaurant,122,21,4.857142857142857,19,10,0
"It's close to my house, it's low-key, non-fancy, affordable prices, good food.",1,close house lowkey nonfancy affordable prices good food,78,12,5.583333333333333,12,4,0
The refried beans that came with my meal were dried out and crusty and the food was bland.,0,refried beans came meal dried crusty food bland,90,18,4.055555555555555,17,10,0
I had a seriously solid breakfast here.,1,seriously solid breakfast,39,7,4.714285714285714,7,3,0
I had the chicken Pho and it tasted very bland.,0,chicken pho tasted bland,47,10,3.8,10,6,0
We ordered the duck rare and it was pink and tender on the inside with a nice char on the outside.,1,ordered duck rare pink tender inside nice char outside,98,21,3.7142857142857144,17,12,0
Now this dish was quite flavourful.,1,dish quite flavourful,35,6,5.0,6,2,0
And the chef was generous with his time (even came around twice so we can take pictures with him).,1,chef generous time even came around twice take pictures,98,19,4.2105263157894735,18,9,0
It was not good.,0,good,16,4,3.25,4,3,0
Over rated.,0,rated,11,2,5.0,2,1,0
Food was so gooodd.,1,food gooodd,19,4,4.0,4,2,0
Great place to relax and have an awesome burger and beer.,1,great place relax awesome burger beer,57,11,4.2727272727272725,10,5,0
This place has it!,1,place,18,4,3.75,4,2,0
It was a pale color instead of nice and char and has NO flavor.,0,pale color instead nice char flavor,63,14,3.5714285714285716,13,8,0
Left very frustrated.,0,left frustrated,21,3,6.333333333333333,3,1,0
This place receives stars for their APPETIZERS!!!,1,place receives stars appetizers,49,7,6.142857142857143,7,3,0
"The menu is always changing, food quality is going down & service is extremely slow.",0,menu always changing food quality going  service extremely slow,84,15,4.666666666666667,13,5,0
This one is simply a disappointment.,0,one simply disappointment,36,6,5.166666666666667,6,3,0
"Their menu is diverse, and reasonably priced.",1,menu diverse reasonably priced,45,7,5.571428571428571,7,3,0
"The ripped banana was not only ripped, but petrified and tasteless.",0,ripped banana ripped petrified tasteless,67,11,5.181818181818182,11,6,0
"Will never, ever go back.",0,never ever go back,25,5,4.2,5,1,0
Stopped by during the late May bank holiday off Rick Steve recommendation and loved it.,1,stopped late may bank holiday rick steve recommendation loved,87,15,4.866666666666666,15,5,0
"That said, our mouths and bellies were still quite pleased.",1,said mouths bellies still quite pleased,59,10,5.0,10,4,0
Their frozen margaritas are WAY too sugary for my taste.,0,frozen margaritas way sugary taste,56,10,4.7,10,5,0
The place was not clean and the food oh so stale!,0,place clean food oh stale,49,11,3.5454545454545454,11,6,0
"Although I very much liked the look and sound of this place, the actual experience was a bit disappointing.",0,although much liked look sound place actual experience bit disappointing,107,19,4.684210526315789,18,9,0
"If that bug never showed up I would have given a 4 for sure, but on the other side of the wall where this bug was climbing was the kitchen.",0,bug never showed would given  sure side wall bug climbing kitchen,139,30,3.6666666666666665,26,19,0
Thoroughly disappointed!,0,thoroughly disappointed,24,2,11.5,2,0,0
The pizza selections are good.,1,pizza selections good,30,5,5.2,5,2,0
"Needless to say, we will never be back here again.",0,needless say never back,50,10,4.1,10,4,0
"The service was not up to par, either.",0,service par either,38,8,3.875,8,5,0
When I received my Pita it was huge it did have a lot of meat in it so thumbs up there.,1,received pita huge lot meat thumbs,87,21,3.1904761904761907,19,14,0
"Definitely worth venturing off the strip for the pork belly, will return next time I'm in Vegas.",1,definitely worth venturing strip pork belly return next time vegas,96,17,4.705882352941177,16,6,0
I had the mac salad and it was pretty bland so I will not be getting that again.,0,mac salad pretty bland getting,80,18,3.5,18,11,0
"A greasy, unhealthy meal.",0,greasy unhealthy meal,25,4,5.5,4,1,0
walked in and the place smelled like an old grease trap and only 2 others there eating.,0,walked place smelled like old grease trap  others eating,87,17,4.176470588235294,16,8,0
The block was amazing.,1,block amazing,22,4,4.75,4,2,0
Eew... This location needs a complete overhaul.,0,eew location needs complete overhaul,47,7,5.857142857142857,7,2,0
This was my first and only Vegas buffet and it did not disappoint.,1,first vegas buffet disappoint,66,13,4.153846153846154,12,9,0
"Not a weekly haunt, but definitely a place to come back to every once in a while.",1,weekly haunt definitely place come back every,81,17,3.823529411764706,14,9,0
The chips and sals a here is amazing!!!!!!!!!!!!!!!!!!!,1,chips sals amazing,55,8,6.0,8,5,0
Hell no will I go back,0,hell go back,22,6,2.8333333333333335,6,2,0
Food was delicious!,1,food delicious,19,3,5.666666666666667,3,1,0
"At least 40min passed in between us ordering and the food arriving, and it wasn't that busy.",0,least  passed us ordering food arriving wasnt busy,92,17,4.470588235294118,16,9,0
"Needless to say, I won't be going back anytime soon.",0,needless say wont going back anytime soon,52,10,4.3,10,4,0
It's NOT hard to make a decent hamburger.,0,hard make decent hamburger,41,8,4.25,8,4,0
I was disgusted because I was pretty sure that was human hair.,0,disgusted pretty sure human hair,62,12,4.25,10,7,0
Extremely Tasty!,1,extremely tasty,16,2,7.5,2,0,0
I got home to see the driest damn wings ever!,0,got home see driest damn wings ever,45,10,3.6,10,3,0
"They could serve it with just the vinaigrette and it may make for a better overall dish, but it was still very good.",1,could serve vinaigrette may make better overall dish still good,116,23,4.086956521739131,21,14,0
I came back today since they relocated and still not impressed.,0,came back today since relocated still impressed,63,11,4.818181818181818,11,5,0
We enjoy their pizza and brunch.,1,enjoy pizza brunch,32,6,4.5,6,3,0
Shrimp- When I unwrapped it (I live only 1/2 a mile from Brushfire) it was literally ice cold.,0,shrimp unwrapped live  mile brushfire literally ice cold,94,18,4.277777777777778,17,8,0
Best tater tots in the southwest.,1,best tater tots southwest,33,6,4.666666666666667,6,2,0
nan,0,nan,3,1,3.0,1,0,0
Best of luck to the rude and non-customer service focused new management.,0,best luck rude noncustomer service focused new management,73,12,5.166666666666667,12,4,0
The steak was amazing...rge fillet relleno was the best seafood plate i have ever had!,1,steak amazingrge fillet relleno best seafood plate ever,86,15,4.8,14,7,0
Pricing is a bit of a concern at Mellow Mushroom.,0,pricing bit concern mellow mushroom,49,10,4.0,9,5,0
We won't be returning.,0,wont returning,22,4,4.75,4,3,0
Seriously killer hot chai latte.,1,seriously killer hot chai latte,32,5,5.6,5,0,0
That's right....the red velvet cake.....ohhh this stuff is so good.,1,thats rightthe red velvet cakeohhh stuff good,67,10,5.8,10,4,0
* Both the Hot & Sour & the Egg Flower Soups were absolutely 5 Stars!,1, hot  sour  egg flower soups absolutely  stars,69,15,3.6666666666666665,13,4,0
"Level 5 spicy was perfect, where spice didn't over-whelm the soup.",1,level  spicy perfect spice didnt overwhelm soup,66,11,5.090909090909091,11,4,0
Awesome selection of beer.,1,awesome selection beer,26,4,5.75,4,1,0
"My side Greek salad with the Greek dressing was so tasty, and the pita and hummus was very refreshing.",1,side greek salad greek dressing tasty pita hummus refreshing,102,19,4.421052631578948,15,10,0
"If you're not familiar, check it out.",1,youre familiar check,37,7,4.428571428571429,7,4,0
My first visit to Hiro was a delight!,1,first visit hiro delight,37,8,3.75,8,4,0
We won't be going back.,0,wont going back,23,5,3.8,5,3,0
"All in all, I can assure you I'll be back.",1,assure ill back,42,10,3.3,10,7,0
The restaurant is very clean and has a family restaurant feel to it.,1,restaurant clean family restaurant feel,68,13,4.3076923076923075,12,7,0
My husband said she was very rude... did not even apologize for the bad food or anything.,0,husband said rude even apologize bad food anything,89,17,4.294117647058823,17,9,0
My boyfriend and i sat at the bar and had a completely delightful experience.,1,boyfriend sat bar completely delightful experience,77,14,4.571428571428571,13,8,0
It's worth driving up from Tucson!,1,worth driving tucson,34,6,4.833333333333333,6,3,0
"Cute, quaint, simple, honest.",1,cute quaint simple honest,29,4,6.5,4,0,0
The food was very good.,1,food good,23,5,3.8,5,3,0
My boyfriend and I came here for the first time on a recent trip to Vegas and could not have been more pleased with the quality of food and service.,1,boyfriend came first time recent trip vegas could pleased quality food service,148,30,3.966666666666667,27,19,0
Always a great time at Dos Gringos!,1,always great time dos gringos,35,7,4.142857142857143,7,2,0
Very good lunch spot.,1,good lunch spot,21,4,4.5,4,1,0
Their daily specials are always a hit with my group.,1,daily specials always hit group,52,10,4.3,10,5,0
"I started this review with two stars, but I'm editing it to give it only one.",0,started review two stars editing give one,77,16,3.875,15,9,0
This is an unbelievable BARGAIN!,1,unbelievable bargain,32,5,5.6,5,3,0
"This place is a jewel in Las Vegas, and exactly what I've been hoping to find in nearly ten years living here.",1,place jewel las vegas exactly ive hoping find nearly ten years living,110,22,4.045454545454546,21,10,0
"I hate to disagree with my fellow Yelpers, but my husband and I were so disappointed with this place.",0,hate disagree fellow yelpers husband disappointed place,101,19,4.368421052631579,17,12,0
Ordered an appetizer and took 40 minutes and then the pizza another 10 minutes.,0,ordered appetizer took  minutes pizza another  minutes,79,14,4.714285714285714,13,5,0
I give it 2 thumbs down,0,give  thumbs,23,6,3.0,6,3,0
We had a group of 70+ when we claimed we would only have 40 and they handled us beautifully.,1,group  claimed would  handled us beautifully,92,19,3.8947368421052633,18,12,0
Please stay away from the shrimp stir fried noodles.,0,please stay away shrimp stir fried noodles,52,9,4.888888888888889,9,2,0
The folks at Otto always make us feel so welcome and special.,1,folks otto always make us feel welcome special,61,12,4.166666666666667,12,4,0
We watched our waiter pay a lot more attention to other tables and ignore us.,0,watched waiter pay lot attention tables ignore us,77,15,4.2,15,7,0
My friend loved the salmon tartar.,1,friend loved salmon tartar,34,6,4.833333333333333,6,2,0
"The only good thing was our waiter, he was very helpful and kept the bloddy mary's coming.",1,good thing waiter helpful kept bloddy marys coming,90,17,4.352941176470588,16,9,0
A lady at the table next to us found a live green caterpillar In her salad.,0,lady table next us found live green caterpillar salad,75,16,3.75,16,7,0
the potatoes were great and so was the biscuit.,1,potatoes great biscuit,47,9,4.333333333333333,9,6,0
The food is good.,1,food good,17,4,3.5,4,2,0
I hate those things as much as cheap quality black olives.,0,hate things much cheap quality black olives,58,11,4.363636363636363,10,4,0
"We had fantastic service, and were pleased by the atmosphere.",1,fantastic service pleased atmosphere,61,10,5.2,10,6,0
"It was attached to a gas station, and that is rarely a good sign.",0,attached gas station rarely good sign,65,14,3.7142857142857144,13,8,0
High-quality chicken on the chicken Caesar salad.,1,highquality chicken chicken caesar salad,49,7,6.142857142857143,6,2,0
The only reason to eat here would be to fill up before a night of binge drinking just to get some carbs in your stomach.,0,reason eat would fill night binge drinking get carbs stomach,120,25,3.84,23,17,0
I could care less... The interior is just beautiful.,1,could care less interior beautiful,52,9,4.888888888888889,9,5,0
"I loved the grilled pizza, reminded me of legit Italian pizza.",1,loved grilled pizza reminded legit italian pizza,62,11,4.7272727272727275,11,4,0
"Nice, spicy and tender.",1,nice spicy tender,23,4,5.0,4,1,0
"Lastly, the mozzarella sticks, they were the best thing we ordered.",1,lastly mozzarella sticks best thing ordered,67,11,5.181818181818182,10,5,0
"In the summer, you can dine in a charming outdoor patio - so very delightful.",1,summer dine charming outdoor patio  delightful,77,15,4.2,15,8,0
"It was a bit too sweet, not really spicy enough, and lacked flavor.",0,bit sweet really spicy enough lacked flavor,67,13,4.230769230769231,13,6,0
"Then, as if I hadn't wasted enough of my life there, they poured salt in the wound by drawing out the time it took to bring the check.",0,hadnt wasted enough life poured salt wound drawing time took bring check,134,28,3.8214285714285716,26,15,0
Paying $7.85 for a hot dog and fries that looks like it came out of a kid's meal at the Wienerschnitzel is not my idea of a good meal.,0,paying  hot dog fries looks like came kids meal wienerschnitzel idea good meal,134,29,3.6551724137931036,26,16,0
I think food should have flavor and texture and both were lacking.,0,think food flavor texture lacking,66,12,4.583333333333333,11,7,0
"I find wasting food to be despicable, but this just wasn't food.",0,find wasting food despicable wasnt food,64,12,4.416666666666667,12,7,0
My salad had a bland vinegrette on the baby greens and hearts of Palm.,0,salad bland vinegrette baby greens hearts palm,70,14,4.071428571428571,14,7,0
"I really do recommend this place, you can go wrong with this donut place!",1,really recommend place go wrong donut place,73,14,4.285714285714286,13,7,0
"However, there was so much garlic in the fondue, it was barely edible.",0,however much garlic fondue barely edible,70,13,4.461538461538462,12,7,0
"No allergy warnings on the menu, and the waitress had absolutely no clue as to which meals did or did not contain peanuts.",0,allergy warnings menu waitress absolutely clue meals contain peanuts,122,23,4.3478260869565215,21,14,0
"for 40 bucks a head, i really expect better food.",0, bucks head really expect better food,49,10,4.0,10,3,0
We'd definitely go back here again.,1,wed definitely go back,35,6,5.0,6,2,0
"At first glance it is a lovely bakery cafe - nice ambiance, clean, friendly staff.",1,first glance lovely bakery cafe  nice ambiance clean friendly staff,82,15,4.533333333333333,15,4,0
"In fact I'm going to round up to 4 stars, just because she was so awesome.",1,fact going round  stars awesome,74,16,3.6875,15,10,0
nan,1,nan,3,1,3.0,1,0,0
This place is awesome if you want something light and healthy during the summer.,1,place awesome want something light healthy summer,80,14,4.785714285714286,14,7,0
Definitely not worth the $3 I paid.,0,definitely worth  paid,35,7,4.142857142857143,7,3,0
"The salad had just the right amount of sauce to not over power the scallop, which was perfectly cooked.",1,salad right amount sauce power scallop perfectly cooked,103,19,4.473684210526316,18,11,0
Not tasty and the texture was just nasty.,0,tasty texture nasty,41,8,4.25,8,5,0
Must have been an off night at this place.,0,must night place,42,9,3.7777777777777777,9,6,0
Not good for the money.,0,good money,23,5,3.8,5,3,0
The steaks are all well trimmed and also perfectly cooked.,1,steaks well trimmed also perfectly cooked,58,10,4.9,10,5,0
"My brother in law who works at the mall ate here same day, and guess what he was sick all night too.",0,brother law works mall ate day guess sick night,100,22,3.590909090909091,22,12,0
I will continue to come here on ladies night andddd date night ... highly recommend this place to anyone who is in the area (;,1,continue come ladies night andddd date night  highly recommend place anyone area ,126,25,4.08,23,10,0
I've had better bagels from the grocery store.,0,ive better bagels grocery store,46,8,4.875,8,4,0
I would not recommend this place.,0,would recommend place,33,6,4.666666666666667,6,4,0
"I've had better, not only from dedicated boba tea spots, but even from Jenni Pho.",0,ive better dedicated boba tea spots even jenni pho,81,15,4.466666666666667,14,7,0
5 stars for the brick oven bread app!,1, stars brick oven bread app,37,8,3.75,8,2,0
"The food was delicious, our bartender was attentive and personable AND we got a great deal!",1,food delicious bartender attentive personable got great deal,91,16,4.75,15,8,0
We waited for thirty minutes to be seated (although there were 8 vacant tables and we were the only folks waiting).,0,waited thirty minutes seated although  vacant tables folks waiting,115,21,4.523809523809524,20,11,0
"I do love sushi, but I found Kabuki to be over-priced, over-hip and under-services.",0,love sushi found kabuki overpriced overhip underservices,83,14,5.0,14,7,0
Very friendly staff.,1,friendly staff,20,3,6.0,3,1,0
Waitress was a little slow in service.,0,waitress little slow service,38,7,4.571428571428571,7,3,0
This place is disgusting!,0,place disgusting,25,4,5.5,4,2,0
"What did bother me, was the slow service.",0,bother slow service,41,8,4.25,8,4,0
"The pizza tasted old, super chewy in not a good way.",0,pizza tasted old super chewy good way,52,11,3.8181818181818183,11,4,0
Service stinks here!,0,service stinks,20,3,6.0,3,0,0
Everyone is treated equally special.,1,everyone treated equally special,36,5,6.4,5,1,0
"All in all, Ha Long Bay was a bit of a flop.",0,ha long bay bit flop,44,12,2.75,11,6,0
Tried to go here for lunch and it was a madhouse.,0,tried go lunch madhouse,49,11,3.5454545454545454,11,7,0
"The ambiance here did not feel like a buffet setting, but more of a douchey indoor garden for tea and biscuits.",0,ambiance feel like buffet setting douchey indoor garden tea biscuits,111,21,4.333333333333333,20,12,0
"The best place in Vegas for breakfast (just check out a Sat, or Sun.",1,best place vegas breakfast check sat sun,68,14,3.9285714285714284,14,6,0
(The bathroom is just next door and very nice.),1,bathroom next door nice,47,9,4.333333333333333,9,4,0
Interesting decor.,1,interesting decor,18,2,8.5,2,0,0
The WORST EXPERIENCE EVER.,0,worst experience ever,26,4,5.75,4,1,0
DELICIOUS!!,1,delicious,11,1,11.0,1,0,0
It's a great place and I highly recommend it.,1,great place highly recommend,45,9,4.111111111111111,9,4,0
Spend your money elsewhere.,0,spend money elsewhere,27,4,6.0,4,1,0
"For a self proclaimed coffee cafe, I was wildly disappointed.",0,self proclaimed coffee cafe wildly disappointed,61,10,5.2,10,4,0
My friend did not like his Bloody Mary.,0,friend like bloody mary,39,8,4.0,8,5,0
My sashimi was poor quality being soggy and tasteless.,0,sashimi poor quality soggy tasteless,54,9,5.111111111111111,9,4,0
This place is amazing!,1,place amazing,22,4,4.75,4,2,0
"Hawaiian Breeze, Mango Magic, and Pineapple Delight are the smoothies that I've tried so far and they're all good.",1,hawaiian breeze mango magic pineapple delight smoothies ive tried far theyre good,114,19,5.052631578947368,18,9,0
My girlfriend's veal was very bad.,0,girlfriends veal bad,34,6,4.833333333333333,6,3,0
There is nothing privileged about working/eating there.,0,nothing privileged workingeating,55,7,7.0,7,3,0
By far the BEST cheesecurds we have ever had!,1,far best cheesecurds ever,45,9,4.111111111111111,9,5,0
Ample portions and good prices.,1,ample portions good prices,31,5,5.4,5,1,0
Service was excellent and prices are pretty reasonable considering this is Vegas and located inside the Crystals shopping mall by Aria.,1,service excellent prices pretty reasonable considering vegas located inside crystals shopping mall aria,135,21,5.476190476190476,20,8,0
I love the fact that everything on their menu is worth it.,1,love fact everything menu worth,58,12,3.9166666666666665,12,6,0
did not like at all.,0,like,20,5,3.2,5,4,0
Fantastic food!,1,fantastic food,15,2,7.0,2,0,0
I guess maybe we went on an off night but it was disgraceful.,0,guess maybe went night disgraceful,61,13,3.769230769230769,13,8,0
"Thus far, have only visited twice and the food was absolutely delicious each time.",1,thus far visited twice food absolutely delicious time,82,14,4.928571428571429,14,6,0
This is a really fantastic Thai restaurant which is definitely worth a visit.,1,really fantastic thai restaurant definitely worth visit,77,13,5.0,11,6,0
The sergeant pepper beef sandwich with auju sauce is an excellent sandwich as well.,1,sergeant pepper beef sandwich auju sauce excellent sandwich well,83,14,5.0,13,5,0
"Same evening, him and I are both drastically sick.",0,evening drastically sick,50,9,4.666666666666667,9,6,0
Just don't know why they were so slow.,0,know slow,38,8,3.875,8,6,0
"Overall, a great experience.",1,overall great experience,28,4,6.25,4,1,0
This place has a lot of promise but fails to deliver.,0,place lot promise fails deliver,53,11,3.909090909090909,11,6,0
The service was extremely slow.,0,service extremely slow,31,5,5.4,5,2,0
"Also were served hot bread and butter, and home made potato chips with bacon bits on top....very original and very good.",1,also served hot bread butter home made potato chips bacon bits topvery original good,120,21,4.761904761904762,19,8,0
Much better than the other AYCE sushi place I went to in Vegas.,1,much better ayce sushi place went vegas,63,13,3.923076923076923,13,6,0
Now I am getting angry and I want my damn pho.,0,getting angry want damn pho,46,11,3.272727272727273,10,5,0
"I personally love the hummus, pita, baklava, falafels and Baba Ganoush (it's amazing what they do with eggplant!).",1,personally love hummus pita baklava falafels baba ganoush amazing eggplant,114,18,5.388888888888889,18,7,0
I believe that this place is a great stop for those with a huge belly and hankering for sushi.,1,believe place great stop huge belly hankering sushi,94,19,4.0,17,11,0
I love their fries and their beans.,1,love fries beans,35,7,4.142857142857143,6,4,0
2 Thumbs Up!!,1, thumbs,13,3,3.6666666666666665,3,0,0
The bathrooms are clean and the place itself is well decorated.,1,bathrooms clean place well decorated,63,11,4.818181818181818,11,6,0
The one down note is the ventilation could use some upgrading.,0,one note ventilation could use upgrading,62,11,4.7272727272727275,11,6,0
Service is friendly and inviting.,1,service friendly inviting,33,5,5.8,5,2,0
Weird vibe from owners.,0,weird vibe owners,23,4,5.0,4,1,0
After the disappointing dinner we went elsewhere for dessert.,0,disappointing dinner went elsewhere dessert,61,9,5.888888888888889,9,4,0
Kids pizza is always a hit too with lots of great side dish options for the kiddos!,1,kids pizza always hit lots great side dish options kiddos,83,17,3.9411764705882355,17,7,0
"By this point, my friends and I had basically figured out this place was a joke and didn't mind making it publicly and loudly known.",0,point friends basically figured place joke didnt mind making publicly loudly known,132,25,4.32,22,14,0
Service is quick and friendly.,1,service quick friendly,30,5,5.2,5,2,0
"I ate there twice on my last visit, and especially enjoyed the salmon salad.",1,ate twice last visit especially enjoyed salmon salad,76,14,4.5,14,6,0
"If you love authentic Mexican food and want a whole bunch of interesting, yet delicious meats to choose from, you need to try this place.",1,love authentic mexican food want whole bunch interesting yet delicious meats choose need try place,137,25,4.52,23,9,0
Pretty cool I would say.,1,pretty cool would say,24,5,4.0,5,2,0
"The fries were not hot, and neither was my burger.",0,fries hot neither burger,50,10,4.1,10,6,0
It also took her forever to bring us the check when we asked for it.,0,also took forever bring us check asked,68,15,3.6,15,8,0
"Phenomenal food, service and ambiance.",1,phenomenal food service ambiance,38,5,6.8,5,1,0
After two I felt disgusting.,0,two felt disgusting,28,5,4.8,5,2,0
"Great atmosphere, friendly and fast service.",1,great atmosphere friendly fast service,44,6,6.5,6,1,0
"Bad day or not, I have a very low tolerance for rude customer service people, it is your job to be nice and polite, wash dishes otherwise!!",0,bad day low tolerance rude customer service people job nice polite wash dishes otherwise,139,27,4.185185185185185,27,12,0
"Great food for the price, which is very high quality and house made.",1,great food price high quality house made,68,13,4.3076923076923075,13,6,0
We've tried to like this place but after 10+ times I think we're done with them.,0,weve tried like place  times think done,80,16,4.0625,16,9,0
"Both of them were truly unbelievably good, and I am so glad we went back.",1,truly unbelievably good glad went back,73,15,3.933333333333333,15,9,0
Hands down my favorite Italian restaurant!,1,hands favorite italian restaurant,42,6,6.166666666666667,6,2,0
I would recommend saving room for this!,1,would recommend saving room,39,7,4.714285714285714,7,3,0
Today was my first taste of a Buldogis Gourmet Hot Dog and I have to tell you it was more than I ever thought possible.,1,today first taste buldogis gourmet hot dog tell ever thought possible,119,25,3.8,23,15,0
"Total letdown, I would much rather just go to the Camelback Flower Shop and Cartel Coffee.",0,total letdown would much rather go camelback flower shop cartel coffee,90,16,4.6875,16,6,0
"The staff are great, the ambiance is great.",1,staff great ambiance great,43,8,4.5,8,4,0
"Try them in the airport to experience some tasty food and speedy, friendly service.",1,try airport experience tasty food speedy friendly service,83,14,5.0,14,6,0
I won't be back.,0,wont back,16,4,3.25,4,3,0
Hard to judge whether these sides were good because we were grossed out by the melted styrofoam and didn't want to eat it for fear of getting sick.,0,hard judge whether sides good grossed melted styrofoam didnt want eat fear getting sick,147,28,4.285714285714286,26,15,0
This is a disgrace.,0,disgrace,19,4,4.0,4,3,0
I've had better atmosphere.,0,ive better atmosphere,27,4,6.0,4,2,0
CONCLUSION: Very filling meals.,1,conclusion filling meals,31,4,7.0,4,1,0
The Veggitarian platter is out of this world!,1,veggitarian platter world,45,8,4.75,8,5,0
Favorite place in town for shawarrrrrrma!!!!!!,1,favorite place town shawarrrrrrma,46,6,6.833333333333333,6,2,0
"The wontons were thin, not thick and chewy, almost melt in your mouth.",1,wontons thin thick chewy almost melt mouth,70,13,4.461538461538462,13,6,0
Wow... Loved this place.,1,wow loved place,24,4,5.25,4,1,0
A great touch.,1,great touch,14,3,4.0,3,1,0
"Loved it...friendly servers, great food, wonderful and imaginative menu.",1,loved itfriendly servers great food wonderful imaginative menu,72,9,7.111111111111111,9,1,0
The Buffet at Bellagio was far from what I anticipated.,0,buffet bellagio far anticipated,55,10,4.6,10,6,0
"I don't have very many words to say about this place, but it does everything pretty well.",1,many words say place everything pretty well,89,17,4.294117647058823,17,10,0
I got food poisoning here at the buffet.,0,got food poisoning buffet,40,8,4.125,8,4,0
The chicken wings contained the driest chicken meat I have ever eaten.,0,chicken wings contained driest chicken meat ever eaten,70,12,4.916666666666667,11,5,0
Go To Place for Gyros.,1,go place gyros,22,5,3.6,5,2,0
The croutons also taste homemade which is an extra plus.,1,croutons also taste homemade extra plus,56,10,4.7,10,5,0
WAAAAAAyyyyyyyyyy over rated is all I am saying.,0,waaaaaayyyyyyyyyy rated saying,48,8,5.125,8,5,0
Tonight I had the Elk Filet special...and it sucked.,0,tonight elk filet specialand sucked,52,9,4.888888888888889,9,4,0
All the bread is made in-house!,1,bread made inhouse,31,6,4.333333333333333,6,3,0
I don't recommend unless your car breaks down in front of it and you are starving.,0,recommend unless car breaks front starving,82,16,4.1875,16,10,0
AVOID THIS ESTABLISHMENT!,0,avoid establishment,25,3,7.666666666666667,3,1,0
I would avoid this place if you are staying in the Mirage.,0,would avoid place staying mirage,58,12,3.9166666666666665,12,8,0
So absolutley fantastic.,1,absolutley fantastic,24,3,7.333333333333333,3,1,0
"This place is not worth your time, let alone Vegas.",0,place worth time let alone vegas,51,10,4.2,10,4,0
These were so good we ordered them twice.,1,good ordered twice,41,8,4.25,8,5,0
She was quite disappointed although some blame needs to be placed at her door.,0,quite disappointed although blame needs placed door,78,14,4.642857142857143,14,7,0
"The food sucked, which we expected but it sucked more than we could have imagined.",0,food sucked expected sucked could imagined,82,15,4.533333333333333,14,10,0
The poor batter to meat ratio made the chicken tenders very unsatisfying.,0,poor batter meat ratio made chicken tenders unsatisfying,73,12,5.166666666666667,12,4,0
Once your food arrives it's meh.,0,food arrives meh,32,6,4.5,6,3,0
The ambiance was incredible.,1,ambiance incredible,28,4,6.25,4,2,0
It's too bad the food is so damn generic.,0,bad food damn generic,41,9,3.6666666666666665,9,5,0
I've never been treated so bad.,0,ive never treated bad,31,6,4.333333333333333,6,3,0
Awesome service and food.,1,awesome service food,25,4,5.5,4,1,0
this is the worst sushi i have ever eat besides Costco's.,0,worst sushi ever eat besides costcos,57,11,4.2727272727272725,11,6,0
The service was a bit lacking.,0,service bit lacking,30,6,4.166666666666667,6,3,0
The only thing I wasn't too crazy about was their guacamole as I don't like it puréed.,0,thing wasnt crazy guacamole like puréed,86,17,4.117647058823529,16,13,0
definitely will come back here again.,1,definitely come back,37,6,5.333333333333333,6,1,0
I love that they put their food in nice plastic containers as opposed to cramming it in little paper takeout boxes.,1,love put food nice plastic containers opposed cramming little paper takeout boxes,115,21,4.523809523809524,20,9,0
The real disappointment was our waiter.,0,real disappointment waiter,39,6,5.666666666666667,6,3,0
It sure does beat the nachos at the movies but I would expect a little bit more coming from a restaurant.,0,sure beat nachos movies would expect little bit coming restaurant,105,21,4.0476190476190474,19,12,0
Do not waste your money here!,0,waste money,29,6,4.0,6,3,0
For that price I can think of a few place I would have much rather gone.,0,price think place would much rather gone,72,16,3.5625,15,10,0
They know how to make them here.,1,know make,32,7,3.7142857142857144,7,4,0
This is one of the best bars with food in Vegas.,1,one best bars food vegas,48,11,3.4545454545454546,11,6,0
The servers are not pleasant to deal with and they don't always honor Pizza Hut coupons.,0,servers pleasant deal always honor pizza hut coupons,88,16,4.5625,16,8,0
I took back my money and got outta there.,0,took back money got outta,41,9,3.6666666666666665,9,3,0
The last 3 times I had lunch here has been bad.,0,last  times lunch bad,47,11,3.3636363636363638,11,6,0
this place is good.,1,place good,19,4,4.0,4,2,0
"Service is quick and even ""to go"" orders are just like we like it!",1,service quick even go orders like like,66,14,3.7857142857142856,13,7,0
"The burger had absolutely no flavor - the meat itself was totally bland, the burger was overcooked and there was no charcoal flavor.",0,burger absolutely flavor  meat totally bland burger overcooked charcoal flavor,132,23,4.782608695652174,18,12,0
If you haven't gone here GO NOW!,1,havent gone go,32,7,3.7142857142857144,7,4,0
Great time - family dinner on a Sunday night.,1,great time  family dinner sunday night,45,9,4.111111111111111,9,2,0
I found this place by accident and I could not be happier.,1,found place accident could happier,58,12,3.9166666666666665,12,8,0
My fiancé and I came in the middle of the day and we were greeted and seated right away.,1,fiancé came middle day greeted seated right away,88,19,3.6842105263157894,16,11,0
"Good service, very clean, and inexpensive, to boot!",1,good service clean inexpensive boot,51,8,5.5,8,3,0
So in a nutshell: 1) The restaraunt smells like a combination of a dirty fish market and a sewer.,0,nutshell  restaraunt smells like combination dirty fish market sewer,97,19,4.157894736842105,16,10,0
"I LOVED their mussels cooked in this wine reduction, the duck was tender, and their potato dishes were delicious.",1,loved mussels cooked wine reduction duck tender potato dishes delicious,113,19,5.0,18,9,0
"Classy/warm atmosphere, fun and fresh appetizers, succulent steaks (Baseball steak!!!!!",1,classywarm atmosphere fun fresh appetizers succulent steaks baseball steak,87,10,7.8,10,1,0
Nice ambiance.,1,nice ambiance,14,2,6.5,2,0,0
I had the opportunity today to sample your amazing pizzas!,1,opportunity today sample amazing pizzas,58,10,4.9,10,5,0
We sat another ten minutes and finally gave up and left.,0,sat another ten minutes finally gave left,56,11,4.181818181818182,10,4,0
A FLY was in my apple juice.. A FLY!!!!!!!!,0,fly apple juice fly,43,9,3.888888888888889,9,5,0
it was a drive to get there.,0,drive get,28,7,3.142857142857143,7,5,0
Your staff spends more time talking to themselves than me.,0,staff spends time talking,58,10,4.9,10,5,0
If someone orders two tacos don't' you think it may be part of customer service to ask if it is combo or ala cart?,0,someone orders two tacos think may part customer service ask combo ala cart,114,24,3.7916666666666665,23,10,0
Won't go back.,0,wont go back,14,3,4.0,3,1,0
The food was outstanding and the prices were very reasonable.,1,food outstanding prices reasonable,61,10,5.2,10,6,0
I've lived here since 1979 and this was the first (and last) time I've stepped foot into this place.,0,ive lived since  first last time ive stepped foot place,100,19,4.315789473684211,18,10,0
The sweet potato tots were good but the onion rings were perfection or as close as I have had.,1,sweet potato tots good onion rings perfection close,94,19,4.0,17,10,0
the presentation of the food was awful.,0,presentation food awful,39,7,4.714285714285714,7,4,0
The yellowtail carpaccio was melt in your mouth fresh.,1,yellowtail carpaccio melt mouth fresh,54,9,5.111111111111111,9,4,0
We had 7 at our table and the service was pretty fast.,1, table service pretty fast,54,12,3.5833333333333335,12,7,0
"For service, I give them no stars.",0,service give stars,34,7,4.0,7,4,0
"I go to far too many places and I've never seen any restaurant that serves a 1 egg breakfast, especially for $4.00.",0,go far many places ive never seen restaurant serves  egg breakfast especially ,115,22,4.2727272727272725,22,9,0
Great food and awesome service!,1,great food awesome service,31,5,5.4,5,1,0
Great food.,1,great food,11,2,5.0,2,0,0
Their steaks are 100% recommended!,1,steaks  recommended,34,5,6.0,5,2,0
"This place is like Chipotle, but BETTER.",1,place like chipotle better,40,7,4.857142857142857,7,4,0
We definately enjoyed ourselves.,1,definately enjoyed,32,4,7.25,4,1,0
Waiter was a jerk.,0,waiter jerk,18,4,3.75,4,2,0
We could not believe how dirty the oysters were!,0,could believe dirty oysters,48,9,4.444444444444445,9,5,0
"I gave it 5 stars then, and I'm giving it 5 stars now.",1,gave  stars giving  stars,54,13,3.230769230769231,10,5,0
Spend your money and time some place else.,0,spend money time place else,42,8,4.375,8,3,0
It was way over fried.,0,way fried,22,5,3.6,5,3,0
"Friend's pasta -- also bad, he barely touched it.",0,friends pasta  also bad barely touched,49,9,4.555555555555555,9,2,0
"Very good food, great atmosphere.1",1,good food great ,34,5,6.0,5,1,0
I just wanted to leave.,0,wanted leave,23,5,3.8,5,3,0
"Unfortunately, it was not good.",0,unfortunately good,31,5,5.4,5,3,0
"On the ground, right next to our table was a large, smeared, been-stepped-in-and-tracked-everywhere pile of green bird poop.",0,ground right next table large smeared beensteppedinandtrackedeverywhere pile green bird poop,124,18,5.944444444444445,18,7,0
"Very good, though!",1,good though,18,3,5.333333333333333,3,1,0
Any grandmother can make a roasted chicken better than this one.,0,grandmother make roasted chicken better one,64,11,4.909090909090909,11,5,0
We loved the place.,1,loved place,19,4,4.0,4,2,0
"On three different occasions I asked for well done or medium well, and all three times I got the bloodiest piece of meat on my plate.",0,three different occasions asked well done medium well three times got bloodiest piece meat plate,133,26,4.153846153846154,24,11,0
"They will customize your order any way you'd like, my usual is Eggplant with Green Bean stir fry, love it!",1,customize order way youd like usual eggplant green bean stir fry love,106,20,4.35,20,7,0
If you want a sandwich just go to any Firehouse!!!!!,1,want sandwich go firehouse,52,10,4.3,10,6,0
"Unfortunately, it only set us up for disapppointment with our entrees.",0,unfortunately set us disapppointment entrees,70,11,5.454545454545454,11,6,0
Overall I wasn't very impressed with Noca.,0,overall wasnt impressed noca,42,7,5.142857142857143,7,4,0
The kids play area is NASTY!,0,kids play area nasty,28,6,3.8333333333333335,6,2,0
The jalapeno bacon is soooo good.,1,jalapeno bacon soooo good,33,6,4.666666666666667,6,2,0
Their rotating beers on tap is also a highlight of this place.,1,rotating beers tap also highlight place,62,12,4.25,12,7,0
The turkey and roast beef were bland.,0,turkey roast beef bland,37,7,4.428571428571429,7,3,0
"On the good side, the staff was genuinely pleasant and enthusiastic - a real treat.",1,good side staff genuinely pleasant enthusiastic  real treat,83,15,4.6,14,6,0
We'll never go again.,0,well never go,21,4,4.5,4,1,0
Will not be back.,0,back,17,4,3.5,4,2,0
Update.....went back for a second time and it was still just as amazing,1,updatewent back second time still amazing,71,13,4.538461538461538,13,7,0
They were excellent.,1,excellent,20,3,6.0,3,2,0
We made the drive all the way from North Scottsdale... and I was not one bit disappointed!,1,made drive way north scottsdale one bit disappointed,90,17,4.352941176470588,16,9,0
Terrible management.,0,terrible management,20,2,9.5,2,0,0
One of the few places in Phoenix that I would definately go back to again .,1,one places phoenix would definately go back ,75,16,3.75,16,9,0
"Furthermore, you can't even find hours of operation on the website!",0,furthermore cant even find hours operation website,67,11,5.181818181818182,11,5,0
I won't be back.,0,wont back,16,4,3.25,4,3,0
I had to wait over 30 minutes to get my drink and longer to get 2 arepas.,0,wait  minutes get drink longer get  arepas,73,17,3.3529411764705883,14,10,0
Food was great and so was the serivce!,1,food great serivce,38,8,3.875,7,5,0
As always the evening was wonderful and the food delicious!,1,always evening wonderful food delicious,59,10,5.0,9,5,0
I promise they won't disappoint.,1,promise wont disappoint,32,5,5.6,5,3,0
I wouldn't return.,0,wouldnt return,18,3,5.333333333333333,3,2,0
Nice blanket of moz over top but i feel like this was done to cover up the subpar food.,1,nice blanket moz top feel like done cover subpar food,87,19,3.6315789473684212,19,10,0
"Overall, I was very disappointed with the quality of food at Bouchon.",0,overall disappointed quality food bouchon,69,12,4.833333333333333,12,7,0
"The sides are delish - mixed mushrooms, yukon gold puree, white corn - beateous.",1,sides delish  mixed mushrooms yukon gold puree white corn  beateous,80,14,4.785714285714286,13,2,0
Things that went wrong: - They burned the saganaki.,0,things went wrong  burned saganaki,51,9,4.777777777777778,9,3,0
Their monster chicken fried steak and eggs is my all time favorite.,1,monster chicken fried steak eggs time favorite,67,12,4.666666666666667,12,5,0
Just as good as when I had it more than a year ago!,1,good year ago,51,13,3.0,12,10,0
"In summary, this was a largely disappointing dining experience.",0,summary largely disappointing dining experience,63,9,6.111111111111111,9,4,0
There is not a deal good enough that would drag me into that establishment again.,0,deal good enough would drag establishment,81,15,4.466666666666667,14,9,0
"If you want to wait for mediocre food and downright terrible service, then this is the place for you.",0,want wait mediocre food downright terrible service place,101,19,4.368421052631579,18,10,0
There was a warm feeling with the service and I felt like their guest for a special treat.,1,warm feeling service felt like guest special treat,90,18,4.055555555555555,17,11,0
"The burger... I got the ""Gold Standard"" a $17 burger and was kind of disappointed.",0,burger got gold standard  burger kind disappointed,82,15,4.533333333333333,15,7,0
But now I was completely grossed out.,0,completely grossed,37,7,4.428571428571429,7,3,0
They brought a fresh batch of fries and I was thinking yay something warm but no!,0,brought fresh batch fries thinking yay something warm,81,16,4.125,16,7,0
Great place to have a couple drinks and watch any and all sporting events as the walls are covered with TV's.,1,great place couple drinks watch sporting events walls covered tvs,109,21,4.238095238095238,20,11,0
My wife had the Lobster Bisque soup which was lukewarm.,0,wife lobster bisque soup lukewarm,55,10,4.6,10,5,0
"They have horrible attitudes towards customers, and talk down to each one when customers don't enjoy their food.",0,horrible attitudes towards customers talk one customers enjoy food,112,18,5.277777777777778,18,9,0
It was absolutely amazing.,1,absolutely amazing,26,4,5.75,4,2,0
The nachos are a MUST HAVE!,1,nachos must,27,6,3.6666666666666665,6,3,0
"(It wasn't busy either) Also, the building was FREEZING cold.",0,wasnt busy either also building freezing cold,61,10,5.2,10,3,0
There is so much good food in Vegas that I feel cheated for wasting an eating opportunity by going to Rice and Company.,0,much good food vegas feel cheated wasting eating opportunity going rice company,119,23,4.217391304347826,23,11,0
He came running after us when he realized my husband had left his sunglasses on the table.,1,came running us realized husband left sunglasses table,90,17,4.352941176470588,17,9,0
And it was way to expensive.,0,way expensive,28,6,3.8333333333333335,6,4,0
I want to first say our server was great and we had perfect service.,1,want first say server great perfect service,68,14,3.9285714285714284,14,7,0
"OMG, the food was delicioso!",1,omg food delicioso,28,5,4.8,5,2,0
the spaghetti is nothing special whatsoever.,0,spaghetti nothing special whatsoever,44,6,6.5,6,2,0
"The chains, which I'm no fan of, beat this place easily.",0,chains fan beat place easily,56,11,4.181818181818182,11,5,0
This place is great!!!!!!!!!!!!!!,1,place great,33,4,7.5,4,2,0
The food is very good for your typical bar food.,1,food good typical bar food,48,10,3.9,10,5,0
An excellent new restaurant by an experienced Frenchman.,1,excellent new restaurant experienced frenchman,56,8,6.125,8,3,0
The Macarons here are insanely good.,1,macarons insanely good,36,6,5.166666666666667,6,3,0
The plantains were the worst I've ever tasted.,0,plantains worst ive ever tasted,46,8,4.875,8,5,0
If you are reading this please don't go there.,0,reading please go,46,9,4.222222222222222,9,5,0
I think this restaurant suffers from not trying hard enough.,0,think restaurant suffers trying hard enough,60,10,5.1,10,4,0
I seriously cannot believe that the owner has so many unexperienced employees that all are running around like chickens with their heads cut off.,0,seriously cannot believe owner many unexperienced employees running around like chickens heads cut,145,24,5.083333333333333,23,12,0
"They have a plethora of salads and sandwiches, and everything I've tried gets my seal of approval.",1,plethora salads sandwiches everything ive tried gets seal approval,98,17,4.823529411764706,15,9,0
"I always order from the vegetarian menu during dinner, which has a wide array of options to choose from.",1,always order vegetarian menu dinner wide array options choose,104,19,4.526315789473684,19,9,0
Never going back.,0,never going back,17,3,5.0,3,0,0
Wonderful lil tapas and the ambience made me feel all warm and fuzzy inside.,1,wonderful lil tapas ambience made feel warm fuzzy inside,76,14,4.5,13,5,0
"However, my recent experience at this particular location was not so good.",0,however recent experience particular location good,74,12,5.25,12,6,0
Very very fun chef.,1,fun chef,19,4,4.0,4,2,0
This is my new fav Vegas buffet spot.,1,new fav vegas buffet spot,37,8,3.75,8,3,0
The waitress was friendly and happy to accomodate for vegan/veggie options.,1,waitress friendly happy accomodate veganveggie options,75,11,5.909090909090909,11,5,0
I ordered the Lemon raspberry ice cocktail which was also incredible.,1,ordered lemon raspberry ice cocktail also incredible,69,11,5.363636363636363,11,5,0
We started with the tuna sashimi which was brownish in color and obviously wasn't fresh.,0,started tuna sashimi brownish color obviously wasnt fresh,88,15,4.933333333333334,15,8,0
The cocktails are all handmade and delicious.,1,cocktails handmade delicious,45,7,5.571428571428571,7,4,0
We asked for the bill to leave without eating and they didn't bring that either.,0,asked bill leave without eating didnt bring either,80,15,4.4,15,8,0
Nicest Chinese restaurant I've been in a while.,1,nicest chinese restaurant ive,47,8,5.0,8,4,0
I had a pretty satifying experience.,1,pretty satifying experience,36,6,5.166666666666667,6,3,0
Pretty awesome place.,1,pretty awesome place,21,3,6.333333333333333,3,0,0
first time there and might just be the last.,0,first time might last,44,9,4.0,9,5,0
The owners are super friendly and the staff is courteous.,1,owners super friendly staff courteous,57,10,4.8,10,5,0
An extensive menu provides lots of options for breakfast.,1,extensive menu provides lots options breakfast,57,9,5.444444444444445,9,3,0
It'll be a regular stop on my trips to Phoenix!,1,itll regular stop trips phoenix,47,10,3.8,10,5,0
"Seriously flavorful delights, folks.",1,seriously flavorful delights folks,36,4,8.25,4,0,0
"Delicious NYC bagels, good selections of cream cheese, real Lox with capers even.",1,delicious nyc bagels good selections cream cheese real lox capers even,81,13,5.3076923076923075,13,2,0
The fried rice was dry as well.,0,fried rice dry well,31,7,3.5714285714285716,7,3,0
"Very, very sad.",0,sad,15,3,4.333333333333333,3,1,0
The vanilla ice cream was creamy and smooth while the profiterole (choux) pastry was fresh enough.,1,vanilla ice cream creamy smooth profiterole choux pastry fresh enough,98,16,5.1875,15,6,0
Bland and flavorless is a good way of describing the barely tepid meat.,0,bland flavorless good way describing barely tepid meat,71,13,4.538461538461538,13,5,0
The buffet is small and all the food they offered was BLAND.,0,buffet small food offered bland,60,12,4.083333333333333,12,7,0
Waited 2 hours & never got either of our pizzas as many other around us who came in later did!,0,waited  hours  never got either pizzas many around us came later,94,20,3.75,20,6,0
I dressed up to be treated so rudely!,0,dressed treated rudely,37,8,3.75,8,5,0
Server did a great job handling our large rowdy table.,1,server great job handling large rowdy table,54,10,4.5,10,3,0
It kept getting worse and worse so now I'm officially done.,0,kept getting worse worse officially done,59,11,4.454545454545454,10,4,0
"Went in for happy hour, great list of wines.",1,went happy hour great list wines,44,9,4.0,9,3,0
We aren't ones to make a scene at restaurants but I just don't get it...definitely lost the love after this one!,0,arent ones make scene restaurants get itdefinitely lost love one,112,21,4.380952380952381,21,13,0
Disappointing experience.,0,disappointing experience,25,2,12.0,2,0,0
The selection on the menu was great and so were the prices.,1,selection menu great prices,59,12,4.0,11,8,0
Very bad Experience!,0,bad experience,20,3,6.0,3,1,0
"Frozen pucks of disgust, with some of the worst people behind the register.",0,frozen pucks disgust worst people behind register,75,13,4.846153846153846,11,6,0
Great pork sandwich.,1,great pork sandwich,20,3,6.0,3,0,0
Always a pleasure dealing with him.,1,always pleasure dealing,35,6,5.0,6,2,0
"The chicken dishes are OK, the beef is like shoe leather.",0,chicken dishes ok beef like shoe leather,57,11,4.2727272727272725,11,5,0
"Love the margaritas, too!",1,love margaritas,25,4,5.5,4,1,0
And service was super friendly.,1,service super friendly,31,5,5.4,5,2,0
"The chips and salsa were really good, the salsa was very fresh.",1,chips salsa really good salsa fresh,63,12,4.333333333333333,11,6,0
Only Pros : Large seating area/ Nice bar area/ Great simple drink menu/ The BEST brick oven pizza with homemade dough!,1,pros  large seating area nice bar area great simple drink menu best brick oven pizza homemade dough,118,21,4.666666666666667,20,3,0
"Great Subway, in fact it's so good when you come here every other Subway will not meet your expectations.",1,great subway fact good come every subway meet expectations,105,19,4.578947368421052,19,9,0
I never come again.,0,never come,19,4,4.0,4,1,0
"That just SCREAMS ""LEGIT"" in my book...somethat's also pretty rare here in Vegas.",1,screams legit booksomethats also pretty rare vegas,81,13,5.3076923076923075,12,7,0
"The meat was pretty dry, I had the sliced brisket and pulled pork.",0,meat pretty dry sliced brisket pulled pork,66,13,4.153846153846154,13,6,0
The food wasn't good.,0,food wasnt good,21,4,4.5,4,2,0
nan,1,nan,3,1,3.0,1,0,0
Four stars for the food & the guy in the blue shirt for his great vibe & still letting us in to eat !,1,four stars food  guy blue shirt great vibe  still letting us eat ,101,24,3.25,19,9,0
The inside is really quite nice and very clean.,1,inside really quite nice clean,47,9,4.333333333333333,9,4,0
"The chipolte ranch dipping sause was tasteless, seemed thin and watered down with no heat.",0,chipolte ranch dipping sause tasteless seemed thin watered heat,90,15,5.066666666666666,15,6,0
I was shocked because no signs indicate cash only.,0,shocked signs indicate cash,50,9,4.666666666666667,9,4,0
We walked away stuffed and happy about our first Vegas buffet experience.,1,walked away stuffed happy first vegas buffet experience,73,12,5.166666666666667,12,4,0
Soggy and not good.,0,soggy good,19,4,4.0,4,2,0
"I guess I should have known that this place would suck, because it is inside of the Excalibur, but I didn't use my common sense.",0,guess known place would suck inside excalibur didnt use common sense,128,25,4.16,24,16,0
"The owner used to work at Nobu, so this place is really similar for half the price.",1,owner used work nobu place really similar half price,83,17,3.9411764705882355,17,8,0
What happened next was pretty....off putting.,0,happened next prettyoff putting,45,6,6.666666666666667,6,2,0
"Food was good, service was good, Prices were good.",1,food good service good prices good,50,9,4.666666666666667,7,3,0
It was awesome.,1,awesome,15,3,4.333333333333333,3,2,0
"What SHOULD have been a hilarious, yummy Christmas Eve dinner to remember was the biggest fail of the entire trip for us.",0,hilarious yummy christmas eve dinner remember biggest fail entire trip us,121,22,4.545454545454546,21,11,0
I'll definitely be in soon again.,1,ill definitely soon,33,6,4.666666666666667,6,3,0
After all the rave reviews I couldn't wait to eat here......what a disappointment!,0,rave reviews couldnt wait eat herewhat disappointment,82,13,5.384615384615385,13,7,0
Best breakfast buffet!!!,1,best breakfast buffet,24,3,7.333333333333333,3,0,0
Everything was good and tasty!,1,everything good tasty,30,5,5.2,5,2,0
"This place is not quality sushi, it is not a quality restaurant.",0,place quality sushi quality restaurant,64,12,4.416666666666667,9,7,0
They were golden-crispy and delicious.,1,goldencrispy delicious,38,5,6.8,5,3,0
Won't ever go here again.,0,wont ever go,25,5,4.2,5,3,0
I won't try going back there even if it's empty.,0,wont try going back even empty,48,10,3.9,10,5,0
"Also, the fries are without a doubt the worst fries I've ever had.",0,also fries without doubt worst fries ive ever,66,13,4.153846153846154,11,6,0
It is PERFECT for a sit-down family meal or get together with a few friends.,1,perfect sitdown family meal get together friends,76,15,4.133333333333334,14,9,0
Everything was fresh and delicious!,1,everything fresh delicious,35,5,6.2,5,2,0
dont go here.,0,go,13,3,3.6666666666666665,3,0,0
Mediocre food.,0,mediocre food,14,2,6.5,2,0,0
The vegetables are so fresh and the sauce feels like authentic Thai.,1,vegetables fresh sauce feels like authentic thai,68,12,4.75,12,6,0
"This place is pretty good, nice little vibe in the restaurant.",1,place pretty good nice little vibe restaurant,62,11,4.7272727272727275,11,4,0
"Not much flavor to them, and very poorly constructed.",0,much flavor poorly constructed,53,9,5.0,9,4,0
The service was outshining & I definitely recommend the Halibut.,1,service outshining  definitely recommend halibut,64,10,5.5,10,4,0
TOTAL WASTE OF TIME.,0,total waste time,20,4,4.25,4,1,0
"When I'm on this side of town, this will definitely be a spot I'll hit up again!",1,side town definitely spot ill hit,80,17,3.764705882352941,16,10,0
"I tried the Cape Cod ravoli, chicken,with cranberry...mmmm!",1,tried cape cod ravoli chickenwith cranberrymmmm,59,8,6.5,8,2,0
I was so insulted.,0,insulted,18,4,3.75,4,3,0
The sweet potato fries were very good and seasoned well.,1,sweet potato fries good seasoned well,56,10,4.7,10,4,0
"Your servers suck, wait, correction, our server Heimer sucked.",0,servers suck wait correction server heimer sucked,62,9,6.0,9,2,0
"I probably won't be back, to be honest.",0,probably wont back honest,39,8,4.0,7,5,0
"Good food , good service .",1,good food  good service ,26,6,3.5,6,0,0
"The service was great, even the manager came and helped with our table.",1,service great even manager came helped table,71,13,4.538461538461538,13,6,0
"I had heard good things about this place, but it exceeding every hope I could have dreamed of.",1,heard good things place exceeding every hope could dreamed,94,18,4.277777777777778,18,9,0
Just spicy enough.. Perfect actually.,1,spicy enough perfect actually,37,5,6.6,5,1,0
Our server was super nice and checked on us many times.,1,server super nice checked us many times,55,11,4.090909090909091,11,4,0
Service was fine and the waitress was friendly.,1,service fine waitress friendly,47,8,5.0,7,4,0
Definitely a turn off for me & i doubt I'll be back unless someone else is buying.,0,definitely turn  doubt ill back unless someone else buying,82,17,3.8823529411764706,17,9,0
The selection was probably the worst I've seen in Vegas.....there was none.,0,selection probably worst ive seen vegasthere none,75,12,5.333333333333333,11,6,0
The portion was huge!,1,portion huge,21,4,4.5,4,2,0
"To summarize... the food was incredible, nay, transcendant... but nothing brings me joy quite like the memory of the pneumatic condiment dispenser.",1,summarize food incredible nay transcendant nothing brings joy quite like memory pneumatic condiment dispenser,147,22,5.7272727272727275,20,9,0
"Everyone is very attentive, providing excellent customer service.",1,everyone attentive providing excellent customer service,65,8,7.25,8,2,0
"Sadly, Gordon Ramsey's Steak is a place we shall sharply avoid during our next trip to Vegas.",0,sadly gordon ramseys steak place shall sharply avoid next trip vegas,93,17,4.529411764705882,17,7,0
This was my first time and I can't wait until the next.,1,first time cant wait next,55,12,3.6666666666666665,12,8,0
They dropped more than the ball.,0,dropped ball,32,6,4.5,6,4,0
From what my dinner companions told me...everything was very fresh with nice texture and taste.,1,dinner companions told meeverything fresh nice texture taste,95,15,5.4,15,7,0
Cant say enough good things about this place.,1,cant say enough good things place,45,8,4.75,8,2,0
The shrimp tender and moist.,1,shrimp tender moist,28,5,4.8,5,2,0
I will be back many times soon.,1,back many times soon,31,7,3.5714285714285716,7,2,0
Fantastic service here.,1,fantastic service,23,3,7.0,3,0,0
"It took over 30 min to get their milkshake, which was nothing more than chocolate milk.",0,took  min get milkshake nothing chocolate milk,87,16,4.5,16,9,0
The fries were great too.,1,fries great,25,5,4.2,5,2,0
"The service was terrible, food was mediocre.",0,service terrible food mediocre,44,7,5.428571428571429,6,3,0
"I could barely stomach the meal, but didn't complain because it was a business lunch.",0,could barely stomach meal didnt complain business lunch,85,15,4.733333333333333,15,9,0
The pancake was also really good and pretty large at that.,1,pancake also really good pretty large,58,11,4.363636363636363,11,5,0
"Overall, I like there food and the service.",1,overall like food service,43,8,4.5,8,5,0
The problem I have is that they charge $11.99 for a sandwich that is no bigger than a Subway sub (which offers better and more amount of vegetables).,0,problem charge  sandwich bigger subway sub offers better amount vegetables,149,28,4.357142857142857,25,16,0
this was a different cut than the piece the other day but still wonderful and tender s well as well flavored.,1,different cut piece day still wonderful tender well well flavored,109,21,4.238095238095238,19,10,0
"The guys all had steaks, and our steak loving son who has had steak at the best and worst places said it was the best steak he's ever eaten.",1,guys steaks steak loving son steak best worst places said best steak hes ever eaten,140,29,3.8620689655172415,23,16,0
He deserves 5 stars.,1,deserves  stars,20,4,4.25,4,1,0
The only downside is the service.,0,downside service,33,6,4.666666666666667,6,4,0
"Be sure to order dessert, even if you need to pack it to-go - the tiramisu and cannoli are both to die for.",1,sure order dessert even need pack togo  tiramisu cannoli die,107,23,3.6956521739130435,21,11,0
Appetite instantly gone.,0,appetite instantly gone,24,3,7.333333333333333,3,0,0
"Host staff were, for lack of a better word, BITCHES!",0,host staff lack better word bitches,52,10,4.3,10,3,0
"Plus, it's only 8 bucks.",1,plus  bucks,24,5,4.0,5,2,0
